OBJECTID,Kurum,Kod,Hat,YilAy,Ilerleme,Kaynak,Durum,TahminiAcilis,Aciklama
60,UAB,M11,Arnavutköy-Halkalı,2026-02,"96,00%",CİMER,Test Aşamasında,2026-06,
60,UAB,M11,Arnavutköy-Halkalı,2026-03,"97,00%",CİMER,Test Aşamasında,2026-06,
60,UAB,M11,Arnavutköy-Halkalı,2026-04,"98,00%",CİMER,Test Aşamasında,2026-06,
60,UAB,M11,Arnavutköy-Halkalı,2026-05,"99,00%",CİMER,Test Aşamasında,2026-06,
60,UAB,M11,Arnavutköy-Halkalı,2026-06,"100,00%",CİMER,İşletmede,2026-06,19 Haziran 2026 tarihinde hizmete açıldı.
61,UAB,M1 (Kocaeli),Darıca Sahil-Gebze OSB Metro Hattı,2026-02,"92,50%",CİMER,İnşa aşamasında,2026-10,
61,UAB,M1 (Kocaeli),Darıca Sahil-Gebze OSB Metro Hattı,2026-03,"93,00%",CİMER,İnşa aşamasında,2026-10,
61,UAB,M1 (Kocaeli),Darıca Sahil-Gebze OSB Metro Hattı,2026-04,"93,50%",CİMER,İnşa aşamasında,2026-10,
61,UAB,M1 (Kocaeli),Darıca Sahil-Gebze OSB Metro Hattı,2026-05,"94,00%",CİMER,İnşa aşamasında,2026-10,Hattın genelinde %94'lük fiziksel ilerleme sağlandı. Ray döşeme işlemleri büyük ölçüde tamamlandı; istasyonlarda ince işler ve elektromekanik işlemler devam ediyor. Çalışmaların Eylül sonunda tamamlanması ve hattın 29 Ekim 2026'da açılması planlanıyor.
61,UAB,M1 (Kocaeli),Darıca Sahil-Gebze OSB Metro Hattı,2026-06,"94,00%",CİMER,İnşa aşamasında,2026-10,Hattın genelinde %94'lük fiziksel ilerleme sağlandı. Ray döşeme işlemleri büyük ölçüde tamamlandı; istasyonlarda ince işler ve elektromekanik işlemler devam ediyor. Çalışmaların Eylül sonunda tamamlanması ve hattın 29 Ekim 2026'da açılması planlanıyor.
61,UAB,M1 (Kocaeli),Darıca Sahil-Gebze OSB Metro Hattı,2026-07,(bekleniyor),CİMER,İnşa aşamasında,2026-10,(bekleniyor)
61,UAB,M1 (Kocaeli),Darıca Sahil-Gebze OSB Metro Hattı,2026-08,(bekleniyor),CİMER,İnşa aşamasında,2026-10,(bekleniyor)
61,UAB,M1 (Kocaeli),Darıca Sahil-Gebze OSB Metro Hattı,2026-09,(bekleniyor),CİMER,İnşa aşamasında,2026-10,"Altyapı Yatırımları Genel Müdürü Yalçın Eyigün, 13 Eylül'de hat üzerindeki çalışmaları raylı araçla sefer yaparak yerinde incelemiştir; hatta tren hareketleri sürdürülmektedir. AYGM, Gebze-Darıca Metrosu tamamlama işleri ile Gebze-Çayırova-Birlik OSB Hafif Raylı Sistem Hattı için 60 ay süreli kontrollük hizmeti ön yeterlik ilanına çıkmıştır."
64,UAB,M14,Altunizade-Bosna Bulvarı Metro Hattı,2026-02,"73,50%",CİMER,İnşa aşamasında,2027-12,
64,UAB,M14,Altunizade-Bosna Bulvarı Metro Hattı,2026-03,"74,00%",CİMER,İnşa aşamasında,2027-12,
64,UAB,M14,Altunizade-Bosna Bulvarı Metro Hattı,2026-04,"74,50%",CİMER,İnşa aşamasında,2027-12,
64,UAB,M14,Altunizade-Bosna Bulvarı Metro Hattı,2026-05,"75,00%",CİMER,İnşa aşamasında,2027-12,"Projede kaba inşaat büyük ölçüde tamamlanırken, ray serimi ve elektromekanik altyapı çalışmaları hızla devam etmektedir. Aktarma merkezinden tepe bölgelere erişim sağlayacak güzergâhta, açılış kurdelesinin 2026 yılı içinde kesilmesi hedefleniyor."
64,UAB,M14,Altunizade-Bosna Bulvarı Metro Hattı,2026-06,"74,00%",CİMER,İnşa aşamasında,2027-12,"Projede kaba inşaat büyük ölçüde tamamlanırken, ray serimi ve elektromekanik altyapı çalışmaları hızla devam etmektedir. Aktarma merkezinden tepe bölgelere erişim sağlayacak güzergâhta, açılış kurdelesinin 2027 yılı içinde kesilmesi hedefleniyor."
64,UAB,M14,Altunizade-Bosna Bulvarı Metro Hattı,2026-07,(bekleniyor),CİMER,İnşa aşamasında,2027-12,(bekleniyor)
64,UAB,M14,Altunizade-Bosna Bulvarı Metro Hattı,2026-08,(bekleniyor),CİMER,İnşa aşamasında,2027-12,(bekleniyor)
64,UAB,M14,Altunizade-Bosna Bulvarı Metro Hattı,2026-09,(bekleniyor),CİMER,İnşa aşamasında,2027-12,"Ray serimi Altunizade istasyonundan ilerleyerek Altunizade ile Ferah Mahallesi istasyonları arasındaki cep hattı bölgesine ulaşmış görünmektedir. İstasyon yapılarında kolon, perde ve döşeme betonarme imalatları ile tünel destek sistemi çalışmaları sürmektedir. Yüklenici Çelikler-Fernas-Güryapı Ortaklığı, hattın hazır beton tedariki için Albayrak Beton ile yeni bir sözleşme imzalamıştır."
38,İBB Avrupa,T7,Feshane-Bayrampaşa Tramvay Hattı,2026-02,"22,36%",İBB Çözüm Merkezi,İnşa aşamasında,2028-06,
38,İBB Avrupa,T7,Feshane-Bayrampaşa Tramvay Hattı,2026-03,"24,98%",İBB Çözüm Merkezi,İnşa aşamasında,2028-06,
38,İBB Avrupa,T7,Feshane-Bayrampaşa Tramvay Hattı,2026-04,"27,60%",İBB Çözüm Merkezi,İnşa aşamasında,2028-06,
38,İBB Avrupa,T7,Feshane-Bayrampaşa Tramvay Hattı,2026-05,"29,15%",İBB Çözüm Merkezi,İnşa aşamasında,2028-06,"1,7 kilometresi yer altında bulunan hatta 4 farklı şaftta 400 kişilik bir ekiple çalışmalar tüm hızıyla sürüyor. Meydan İstasyonu'ndaki kazı çalışmalarının başarıyla tamamlandığı hatta, tünel kazı imalatlarına ise kesintisiz şekilde devam ediliyor."
38,İBB Avrupa,T7,Feshane-Bayrampaşa Tramvay Hattı,2026-06,"52,45%",İBB Çözüm Merkezi,İnşa aşamasında,2028-06,"Meydan İstasyonu'ndaki kazı çalışmalarının başarıyla tamamlandığı hatta, tünel kazı imalatlarına ise kesintisiz şekilde devam ediliyor. Hattın yüzeyden geçen Demirkapı-Feshane kesiminde altyapı deplase çalışmalarına başlandı."
38,İBB Avrupa,T7,Feshane-Bayrampaşa Tramvay Hattı,2026-07,"37,65%",İBB Çözüm Merkezi,İnşa aşamasında,2028-06,
38,İBB Avrupa,T7,Feshane-Bayrampaşa Tramvay Hattı,2026-08,"37,65%",İBB Çözüm Merkezi,İnşa aşamasında,2028-06,
38,İBB Avrupa,T7,Feshane-Bayrampaşa Tramvay Hattı,2026-09,(bekleniyor),İBB Çözüm Merkezi,İnşa aşamasında,2028-06,"Hattın yüzeyden geçen kesiminde İSKİ, doğal gaz, elektrik ve telekomünikasyon hatlarına yönelik altyapı deplase çalışmaları sürmektedir. Tünel kesiminde NATM yöntemiyle kazı imalatları ile istasyon yapılarındaki betonarme imalatlara devam edilmektedir."
69,İBB Avrupa,M7,Mahmutbey-Hastane,2026-02,"51,90%",İBB Çözüm Merkezi,İnşa aşamasında,2027-12,
69,İBB Avrupa,M7,Mahmutbey-Hastane,2026-03,"52,30%",İBB Çözüm Merkezi,İnşa aşamasında,2027-12,
69,İBB Avrupa,M7,Mahmutbey-Hastane,2026-04,"52,70%",İBB Çözüm Merkezi,İnşa aşamasında,2027-12,
69,İBB Avrupa,M7,Mahmutbey-Hastane,2026-05,"53,30%",İBB Çözüm Merkezi,İnşa aşamasında,2027-12,"Mahmutbey-Kanuni Sultan Süleyman Hastanesi arasındaki 7,3 km uzunluğundaki 1. Etapta; istasyonlarda kazı ve kazık imalatları, tünellerde ise TBM ile tünel açma ve kaplama çalışmaları aralıksız sürüyor."
69,İBB Avrupa,M7,Mahmutbey-Hastane,2026-06,"54,40%",İBB Çözüm Merkezi,İnşa aşamasında,2027-12,"Mahmutbey-Kanuni Sultan Süleyman Hastanesi arasındaki 7,3 km uzunluğundaki 1. Etapta; istasyonlarda kazı ve kazık imalatları, tünellerde ise TBM ile tünel açma ve kaplama çalışmaları aralıksız sürüyor."
69,İBB Avrupa,M7,Mahmutbey-Hastane,2026-07,"54,90%",İBB Çözüm Merkezi,İnşa aşamasında,2027-12,TBM kazılarının da tamamlanmasıyla Mahmutbey-Hastane arasındaki tüm tünel kazıları tamamlandı ve önemli bir eşik aşılmış oldu. Bir sonraki aşamada istasyon inşaatlarındaki çalışmaların hız kazanması bekleniyor.
69,İBB Avrupa,M7,Mahmutbey-Hastane,2026-08,"56,00%",İBB Çözüm Merkezi,İnşa aşamasında,2027-12,"İBB etabın 2028'de hizmete alınmasının hedeflendiğini duyurmuştur; bu, daha önce telaffuz edilen 2027 sonu hedefinin ötelendiği anlamına gelmektedir."
69,İBB Avrupa,M7,Mahmutbey-Hastane,2026-09,(bekleniyor),İBB Çözüm Merkezi,İnşa aşamasında,2027-12,"Tema Park istasyonundan kazıya başlayan TBM'nin yaklaşık 4.000 metrelik güzergâhı tamamlayarak Mahmutbey tarafındaki S1A şaftına ulaştığı yüklenici paylaşımlarıyla teyit edilmiştir. Hastane ile Atakent Mahallesi (eski adıyla Tema Park) istasyonları arasındaki NATM tünellerinde kalıcı kaplama ve invert donatı imalatları sürmekte, Toplu Konut istasyonunda ise fore kazık imalatına başlanmıştır. İBB Hizmet Maratonu belgesine göre TBM çıkış töreninin Kasım ayında yapılması planlanmaktadır."
1,İBB Avrupa,M1B,Kirazlı-Halkalı Üniversite,2026-02,"15,91%",İBB Çözüm Merkezi,İnşa aşamasında,2029-12,
1,İBB Avrupa,M1B,Kirazlı-Halkalı Üniversite,2026-03,"19,54%",İBB Çözüm Merkezi,İnşa aşamasında,2029-12,
1,İBB Avrupa,M1B,Kirazlı-Halkalı Üniversite,2026-04,"23,17%",İBB Çözüm Merkezi,İnşa aşamasında,2029-12,
1,İBB Avrupa,M1B,Kirazlı-Halkalı Üniversite,2026-05,"23,37%",İBB Çözüm Merkezi,İnşa aşamasında,2029-12,"Barbaros ve Malazgirt istasyonlarında NATM kazıları tamamlandı, beton kaplama çalışmalarnda ise sona gelindi. Fatih İstasyonu'nda ise hat tünel kazısını gerçekleştirecek TMB'lerin çalışmaya başlaması için hazırlıklar devam ediyor."
1,İBB Avrupa,M1B,Kirazlı-Halkalı Üniversite,2026-06,"23,47%",İBB Çözüm Merkezi,İnşa aşamasında,2029-12,"Barbaros ve Malazgirt istasyonlarında NATM kazıları tamamlandı, beton kaplama çalışmalarnda ise sona gelindi. Fatih İstasyonu'nda ise hat tünel kazısını gerçekleştirecek TMB'lerin çalışmaya başlaması için hazırlıklar devam ediyor."
1,İBB Avrupa,M1B,Kirazlı-Halkalı Üniversite,2026-07,"24,00%",İBB Çözüm Merkezi,İnşa aşamasında,2029-12,"Barbaros ve Malazgirt istasyonlarında NATM kazıları tamamlandı, beton kaplama çalışmalarnda ise sona gelindi. Fatih İstasyonu'nda ise hat tünel kazısını gerçekleştirecek TMB'lerin çalışmaya başlaması için hazırlıklar devam ediyor."
1,İBB Avrupa,M1B,Kirazlı-Halkalı Üniversite,2026-08,"25,00%",İBB Çözüm Merkezi,İnşa aşamasında,2029-12,"Halkalı Üniversite istasyonunda uzun bir aradan sonra ekskavatör ve mobil vinçle çalışmalar yeniden başlamış olup şaft kazısının sürdüğü değerlendirilmektedir. Fatih istasyonuna iş makinesi sevk edilmiş, ancak ay içinde sahada belirgin bir çalışma gözlenmemiştir. TBM kazılarının başlangıcına ilişkin resmi bir açıklama bulunmamaktadır."
1,İBB Avrupa,M1B,Kirazlı-Halkalı Üniversite,2026-09,(bekleniyor),İBB Çözüm Merkezi,İnşa aşamasında,2029-12,"Halkalı Üniversite istasyonunda şaft kazısı sürmekte olup hafriyat çıkarımı ile eş zamanlı beton dökümü yapılmakta, sahaya inşaat demiri sevkiyatı devam etmektedir. Barbaros istasyonunda orta teknik tünele yönelik çalışmalara başlandığı görülmektedir. Mimar Sinan istasyonunda asansör montajı yapılmaktadır. Fatih istasyonunda ay başında TBM öncesi hazırlık çalışmaları gözlenmiş, sonraki haftalarda ise yalnızca sınırlı iş makinesi faaliyeti tespit edilmiştir."
3,İBB Avrupa,M7,Yıldız-Kabataş,2026-02,"67,87%",İBB Çözüm Merkezi,Beklemede,-,
3,İBB Avrupa,M7,Yıldız-Kabataş,2026-03,"67,82%",İBB Çözüm Merkezi,Beklemede,-,
3,İBB Avrupa,M7,Yıldız-Kabataş,2026-04,"67,85%",İBB Çözüm Merkezi,Beklemede,-,
3,İBB Avrupa,M7,Yıldız-Kabataş,2026-05,"68,12%",İBB Çözüm Merkezi,Beklemede,-,Beşiktaş bölgesindeki arkeolojik kazılar nedeniyle inşaat süreci duraklamış durumda. Kabataş istasyonunda kaba inşaatta sona yaklaşıldı. Diğer bölümlerde elektromekanik ve ray montaj işlemleri program dahilinde sürdürülüyor.
3,İBB Avrupa,M7,Yıldız-Kabataş,2026-06,"68,12%",İBB Çözüm Merkezi,Beklemede,-,Beşiktaş bölgesindeki arkeolojik kazılar nedeniyle inşaat süreci duraklamış durumda.
3,İBB Avrupa,M7,Yıldız-Kabataş,2026-07,"68,12%",İBB Çözüm Merkezi,Beklemede,-,Beşiktaş bölgesindeki arkeolojik kazılar nedeniyle inşaat süreci duraklamış durumda.
3,İBB Avrupa,M7,Yıldız-Kabataş,2026-08,"68,50%",İBB Çözüm Merkezi,Beklemede,-,Beşiktaş bölgesindeki arkeolojik kazılar nedeniyle inşaat süreci duraklamış durumda.
3,İBB Avrupa,M7,Yıldız-Kabataş,2026-09,(bekleniyor),,Beklemede,-,"İBB Avrupa Yakası Raylı Sistemler Müdürlüğü, hatta yönelik ihale çalışmalarının devam ettiğini ve ihale tarihlerinin EKAP üzerinden yayımlanacağını bildirmiştir."
67,İBB Anadolu,M5,Samandıra Merkez-Sultanbeyli,2026-02,"96,50%",İBB Çözüm Merkezi,Test Aşamasında,2026-05,
67,İBB Anadolu,M5,Samandıra Merkez-Sultanbeyli,2026-03,"98,20%",İBB Çözüm Merkezi,Test Aşamasında,2026-05,
67,İBB Anadolu,M5,Samandıra Merkez-Sultanbeyli,2026-04,"99,90%",İBB Çözüm Merkezi,Test Aşamasında,2026-05,
67,İBB Anadolu,M5,Samandıra Merkez-Sultanbeyli,2026-05,"100,00%",İBB Çözüm Merkezi,İşletmede,2026-05,22 Mayıs 2026 tarihinde hizmete açıldı.
6,İBB Anadolu,M12,Göztepe-Ümraniye Metro Hattı,2026-02,"88,20%",İBB Çözüm Merkezi,İnşa aşamasında,2026-10,
6,İBB Anadolu,M12,Göztepe-Ümraniye Metro Hattı,2026-03,"88,20%",İBB Çözüm Merkezi,İnşa aşamasında,2026-10,
6,İBB Anadolu,M12,Göztepe-Ümraniye Metro Hattı,2026-04,"88,20%",İBB Çözüm Merkezi,İnşa aşamasında,2026-10,
6,İBB Anadolu,M12,Göztepe-Ümraniye Metro Hattı,2026-05,"94,70%",İBB Çözüm Merkezi,İnşa aşamasında,2026-10,Sürücüsüz sistem altyapısıyla tasarlanan projede elektromekanik montajlar hızla sürüyor. Hatın ilk test sürüşü ise 60. Yıl Parkı ile Ataşehir istasyonları arasında gerçekleştirildi. Hatta yılın sonuna doğru ilk yolculu seferlerin gerçekleştirilmesi hedefleniyor.
6,İBB Anadolu,M12,Göztepe-Ümraniye Metro Hattı,2026-06,"94,70%",İBB Çözüm Merkezi,İnşa aşamasında,2026-10,Sürücüsüz sistem altyapısıyla tasarlanan projede elektromekanik montajlar hızla sürüyor. Hatın ilk test sürüşü ise 60. Yıl Parkı ile Ataşehir istasyonları arasında gerçekleştirildi. Hatta yılın sonuna doğru ilk yolculu seferlerin gerçekleştirilmesi hedefleniyor.
6,İBB Anadolu,M12,Göztepe-Ümraniye Metro Hattı,2026-07,"94,70%",İBB Çözüm Merkezi,İnşa aşamasında,2026-10,"Çalışmalar ana hat imalatlarından istasyon üstü ve ince yapı işlerine kaymıştır. Sahrayıcedit'te modüler vinç sahadan ayrılmış, Tütüncü Mehmet Efendi'de peron granit kaplamalarına başlanmıştır. Çarşı, Atakent ve Site istasyonlarında yürüyen merdiven ve asansör montajına yönelik hazırlıklar sürmekte, açılan kuyuların üstü kademeli olarak kapatılmaktadır."
6,İBB Anadolu,M12,Göztepe-Ümraniye Metro Hattı,2026-08,"95,00%",İBB Çözüm Merkezi,İnşa aşamasında,2026-10,"Hat, inşaatın son aşamasındadır; sahadaki tempo ay boyunca artmıştır. Depolama (geceleme) tünellerinde ray serimine başlanmış, istasyonlarda asansör ve yürüyen merdiven montajları ile ince yapı işleri sürdürülmektedir. Tütüncü Mehmet Efendi istasyonunda paravanlar sökülmüş, kule vinç kaldırılmıştır. Ümraniye Çarşı'da M5 istasyonundaki yönlendirmelere M12 aktarma bilgisi eklenmiştir. Araç setlerinin tamamı teslim edilmiş olup hat genelinde test sürüşleri devam etmektedir. İnşaat nedeniyle kapalı olan yolların kademeli olarak trafiğe açılması sürmektedir."
6,İBB Anadolu,M12,Göztepe-Ümraniye Metro Hattı,2026-09,(bekleniyor),İBB Çözüm Merkezi,İnşa aşamasında,2026-10,"Sinyalizasyon sistemlerinin montajı ve PICO testleri tamamlanmıştır. İBB Başkan Vekili Nuri Aslan'ın katılımıyla hatta ikinci test sürüşü gerçekleştirilmiş; İBB açıklamasında hattın 19 Aralık'ta hizmete açılmasının hedeflendiği belirtilmiştir. Tütüncü Mehmet Efendi Caddesi çift yönlü olarak, Site Mahallesi'ndeki Atay Caddesi ise yeniden trafiğe açılmıştır. Göztepe istasyonu çevresinde asfalt ve çevre düzenlemesi sürdürülmekte, Atakent istasyonunda asansör beton imalatı tamamlanmıştır. 60. Yıl Parkı istasyonunda paravanlar kaldırılmıştır."
70,İBB Anadolu,M4,Tavşantepe-Kaynarca Merkez,2026-02,"87,00%",İBB Çözüm Merkezi,İnşa aşamasında,2027-03,
70,İBB Anadolu,M4,Tavşantepe-Kaynarca Merkez,2026-03,"87,50%",İBB Çözüm Merkezi,İnşa aşamasında,2027-03,
70,İBB Anadolu,M4,Tavşantepe-Kaynarca Merkez,2026-04,"88,00%",İBB Çözüm Merkezi,İnşa aşamasında,2027-03,
70,İBB Anadolu,M4,Tavşantepe-Kaynarca Merkez,2026-05,"88,00%",İBB Çözüm Merkezi,İnşa aşamasında,2027-03,"Mevcut raylı sistem ağını sahil hattıyla buluşturacak tünel imalatları bitirildi. İstasyonlardaki teknik donanım imalatlarının ve diğer ince işlerin sürdüğü etapta, yıl içerisinde yolculu işletmeye geçilmesi için hazırlıklar devam ediyor."
70,İBB Anadolu,M4,Tavşantepe-Kaynarca Merkez,2026-06,"89,20%",İBB Çözüm Merkezi,İnşa aşamasında,2027-03,"Mevcut raylı sistem ağını sahil hattıyla buluşturacak tünel imalatları bitirildi. İstasyonlardaki teknik donanım imalatlarının ve diğer ince işlerin sürdüğü etapta, yıl içerisinde yolculu işletmeye geçilmesi için hazırlıklar devam ediyor."
70,İBB Anadolu,M4,Tavşantepe-Kaynarca Merkez,2026-07,"89,20%",İBB Çözüm Merkezi,İnşa aşamasında,2027-03,"Mevcut raylı sistem ağını sahil hattıyla buluşturacak tünel imalatları bitirildi. İstasyonlardaki teknik donanım imalatlarının ve diğer ince işlerin sürdüğü etapta, yıl içerisinde yolculu işletmeye geçilmesi için hazırlıklar devam ediyor."
70,İBB Anadolu,M4,Tavşantepe-Kaynarca Merkez,2026-08,"89,20%",İBB Çözüm Merkezi,İnşa aşamasında,2027-03,"Mevcut raylı sistem ağını sahil hattıyla buluşturacak tünel imalatları bitirildi. İstasyonlardaki teknik donanım imalatlarının ve diğer ince işlerin sürdüğü etapta, yıl içerisinde yolculu işletmeye geçilmesi için hazırlıklar devam ediyor."
70,İBB Anadolu,M4,Tavşantepe-Kaynarca Merkez,2026-09,(bekleniyor),İBB Çözüm Merkezi,İnşa aşamasında,2027-06,Projenin ana yüklenicisi Özgün İnşaat'ın Orge Enerji'ye ilave iş siparişi verdiği kamuya duyurulmuştur; duyuruda bu siparişe ait iş bitim tarihi 31 Mayıs 2027 olarak belirtilmiştir.
49,İBB Anadolu,M10,Pendik Merkez-Fevzi Çakmak,2026-02,"87,00%",İBB Çözüm Merkezi,İnşa aşamasında,2027-03,
49,İBB Anadolu,M10,Pendik Merkez-Fevzi Çakmak,2026-03,"87,50%",İBB Çözüm Merkezi,İnşa aşamasında,2027-03,
49,İBB Anadolu,M10,Pendik Merkez-Fevzi Çakmak,2026-04,"88,00%",İBB Çözüm Merkezi,İnşa aşamasında,2027-03,
49,İBB Anadolu,M10,Pendik Merkez-Fevzi Çakmak,2026-05,"88,00%",İBB Çözüm Merkezi,İnşa aşamasında,2027-03,"Hızlı tren ve Marmaray ağını Sabiha Gökçen Havalimanı'na entegre edecek güzergahta fiziki yapım çalışmaları sürüyor. Ray serimi ve istasyon donatıları üzerinde yoğunlaşılan projede, yıl bitmeden operasyonel süreçlerin tamamlanması öngörülüyor."
49,İBB Anadolu,M10,Pendik Merkez-Fevzi Çakmak,2026-06,"89,20%",İBB Çözüm Merkezi,İnşa aşamasında,2027-03,"Hızlı tren ve Marmaray ağını Sabiha Gökçen Havalimanı'na entegre edecek güzergahta fiziki yapım çalışmaları sürüyor. Ray serimi ve istasyon donatıları üzerinde yoğunlaşılan projede, yıl bitmeden operasyonel süreçlerin tamamlanması öngörülüyor."
49,İBB Anadolu,M10,Pendik Merkez-Fevzi Çakmak,2026-07,"89,20%",İBB Çözüm Merkezi,İnşa aşamasında,2027-03,"Hızlı tren ve Marmaray ağını Sabiha Gökçen Havalimanı'na entegre edecek güzergahta fiziki yapım çalışmaları sürüyor. Ray serimi ve istasyon donatıları üzerinde yoğunlaşılan projede, yıl bitmeden operasyonel süreçlerin tamamlanması öngörülüyor."
49,İBB Anadolu,M10,Pendik Merkez-Fevzi Çakmak,2026-08,"89,20%",İBB Çözüm Merkezi,İnşa aşamasında,2027-03,Ray serimi çalışmaları sürmektedir; makas tüneli ile Fevzi Çakmak acil çıkış yapısı arasındaki TBM tünelinde ray altı betonu ve ray döşeme imalatlarının Mayıs ayından bu yana ilerlediği gözlenmektedir. Pendik Merkez istasyonunda Marmaray aktarma tüneli kazısına başlanmıştır.
49,İBB Anadolu,M10,Pendik Merkez-Fevzi Çakmak,2026-09,(bekleniyor),İBB Çözüm Merkezi,İnşa aşamasında,2027-06,Pendik-Fevzi Çakmak metro projesinin ana yüklenicisi Özgün İnşaat'ın Orge Enerji'ye ilave iş siparişi verdiği kamuya duyurulmuştur; duyuruda bu siparişe ait iş bitim tarihi 31 Mayıs 2027 olarak belirtilmiştir.
66,İBB Anadolu,M13,Yenidoğan-Emek Metro Hattı,2026-02,"8,25%",İBB Çözüm Merkezi,Beklemede,-,
66,İBB Anadolu,M13,Yenidoğan-Emek Metro Hattı,2026-03,"8,25%",İBB Çözüm Merkezi,Beklemede,-,
66,İBB Anadolu,M13,Yenidoğan-Emek Metro Hattı,2026-04,"8,25%",İBB Çözüm Merkezi,Beklemede,-,
66,İBB Anadolu,M13,Yenidoğan-Emek Metro Hattı,2026-05,"8,25%",İBB Çözüm Merkezi,Beklemede,-,Yapım çalışmalarına İBB öz kaynakları ile başlanmış olsa da istenen ilerleme miktarlarının hattın Cumhurbaşkanlığı Kamu Yatırım Programına dahil edilmesi ve akabinde kredi onay süreçlerinin tamamlanması ile mümkün olması bekleniyor.
66,İBB Anadolu,M13,Yenidoğan-Emek Metro Hattı,2026-06,"8,25%",İBB Çözüm Merkezi,Beklemede,-,M5 hattının yapımında kullanılan TBM'ler Emek İstasyonu inşaat sahasına taşındı ve kurulumları gerçekleştiriliyor. Çalışmaların kısa süre içerisinde yeniden başlaması bekleniyor.
66,İBB Anadolu,M13,Yenidoğan-Emek Metro Hattı,2026-07,"8,25%",İBB Çözüm Merkezi,Beklemede,-,Yapım çalışmalarına İBB öz kaynakları ile başlanmış olsa da istenen ilerleme miktarlarının hattın Cumhurbaşkanlığı Kamu Yatırım Programına dahil edilmesi ve akabinde kredi onay süreçlerinin tamamlanması ile mümkün olması bekleniyor.
66,İBB Anadolu,M13,Yenidoğan-Emek Metro Hattı,2026-08,"8,25%",İBB Çözüm Merkezi,Beklemede,-,Yapım çalışmalarına İBB öz kaynakları ile başlanmış olsa da istenen ilerleme miktarlarının hattın Cumhurbaşkanlığı Kamu Yatırım Programına dahil edilmesi ve akabinde kredi onay süreçlerinin tamamlanması ile mümkün olması bekleniyor.
66,İBB Anadolu,M13,Yenidoğan-Emek Metro Hattı,2026-09,"8,25%",İBB Çözüm Merkezi,Beklemede,-,Yapım çalışmalarına İBB öz kaynakları ile başlanmış olsa da istenen ilerleme miktarlarının hattın Cumhurbaşkanlığı Kamu Yatırım Programına dahil edilmesi ve akabinde kredi onay süreçlerinin tamamlanması ile mümkün olması bekleniyor.